Friedman_stat,Friedman_p_value
442.52916666666624,8.054014695825427e-97
