Method,stat,p_value
Dense,0.8437778219918777,2.302804067027502e-21
Sparse,0.9115486804396083,4.0406160794544585e-16
NoSound,0.9628661852294356,1.1829872306987608e-09
