Method,Shapiro_stat,Shapiro_p_value
Dense,0.8659593008444877,7.123512578530093e-20
Sparse,0.9256257087352685,1.1113215333788539e-14
NoSound,0.9765072256942822,5.526105126805504e-07
