Axis,stat,p_value
X,0.8332844422282104,2.643331649964591e-17
Y,0.799020889392932,5.780403347071732e-19
Z,0.9202303175435236,1.467434035735592e-11
