Method_Label,stat,p_value
No Sound,0.9612668574412708,0.05427034091919365
D&E,0.8850173169583955,3.9056196654162715e-05
C&E,0.8627253279207276,7.385620314021609e-06
C&L,0.982853180118304,0.5602744617433941
D&L,0.9621365114005467,0.05987307538027424
