Comparison,stat,p_value,effect_size_r,p_value_bonferroni,significant
D&E vs No Sound,10.0,0.001312255859375,-0.8033214789525209,0.0052490234375,True
C&E vs No Sound,26.0,0.05328186335798626,-0.483157359382724,0.21312745343194503,False
C&L vs No Sound,34.0,0.1387168117393158,-0.37014660928231424,0.5548672469572632,False
D&L vs No Sound,54.0,0.49542236328125,-0.17042749196549847,1.0,False
